<?xml version="1.0" encoding="utf-8"?>
<ArrayOfChangeColor>
  <ChangeColor>
    <Name>_lightpurple</Name>
    <Red>39</Red>
    <Green>9</Green>
    <Blue>58</Blue>
    <Alpha>0</Alpha>
  </ChangeColor>
  <ChangeColor>
    <Name>_pink</Name>
    <Red>70</Red>
    <Green>-21</Green>
    <Blue>-24</Blue>
    <Alpha>0</Alpha>
  </ChangeColor>
  <ChangeColor>
    <Name>_purple</Name>
    <Red>-22</Red>
    <Green>-85</Green>
    <Blue>6</Blue>
    <Alpha>0</Alpha>
  </ChangeColor>
  <ChangeColor>
    <Name>_red</Name>
    <Red>11</Red>
    <Green>-118</Green>
    <Blue>-118</Blue>
    <Alpha>0</Alpha>
  </ChangeColor>
  <ChangeColor>
    <Name>_silver</Name>
    <Red>52</Red>
    <Green>60</Green>
    <Blue>64</Blue>
    <Alpha>0</Alpha>
  </ChangeColor>
  <ChangeColor>
    <Name>_yellow</Name>
    <Red>89</Red>
    <Green>12</Green>
    <Blue>-76</Blue>
    <Alpha>0</Alpha>
  </ChangeColor>
  <ChangeColor>
    <Name>_yellow2</Name>
    <Red>97</Red>
    <Green>46</Green>
    <Blue>-67</Blue>
    <Alpha>0</Alpha>
  </ChangeColor>
  <ChangeColor>
    <Name>_black</Name>
    <Red>-88</Red>
    <Green>-86</Green>
    <Blue>-82</Blue>
    <Alpha>0</Alpha>
  </ChangeColor>
  <ChangeColor>
    <Name>_blue</Name>
    <Red>-74</Red>
    <Green>-50</Green>
    <Blue>10</Blue>
    <Alpha>0</Alpha>
  </ChangeColor>
  <ChangeColor>
    <Name>_brown</Name>
    <Red>-30</Red>
    <Green>-75</Green>
    <Blue>-110</Blue>
    <Alpha>0</Alpha>
  </ChangeColor>
  <ChangeColor>
    <Name>_cyan</Name>
    <Red>-6</Red>
    <Green>11</Green>
    <Blue>39</Blue>
    <Alpha>0</Alpha>
  </ChangeColor>
  <ChangeColor>
    <Name>_darkbrown</Name>
    <Red>-83</Red>
    <Green>-100</Green>
    <Blue>-115</Blue>
    <Alpha>0</Alpha>
  </ChangeColor>
  <ChangeColor>
    <Name>_green</Name>
    <Red>-81</Red>
    <Green>-67</Green>
    <Blue>-133</Blue>
    <Alpha>0</Alpha>
  </ChangeColor>
  <ChangeColor>
    <Name>_lightgreen</Name>
    <Red>-38</Red>
    <Green>54</Green>
    <Blue>-75</Blue>
    <Alpha>0</Alpha>
  </ChangeColor>
</ArrayOfChangeColor>